variable_key,label_en,label_fr,description,task_key,variable_kind,value_source_type,level_registered_at,level_belongs_to,required_default,required_if,enum_ref,catalogue_ref,generator_ref," note_type_ref",required_in_pdf
building_type,Building Type,Type de bâtiment,Type of building (e.g. single house; apartment),gaz_001,enum_single,user_input,report,report,true,,building_type,,,,True
gas_supplied,Gas Supplied,Installation alimentée en gaz,Whether the installation is supplied with gas,gaz_001,enum_single,user_input,report,report,true,,gas_supplied,,,,True
gas_nature,Gas Nature,Nature du gaz,Type of gas (natural gas or GPL),gaz_001,enum_single,user_input,report,report,true,,gas_nature,,,,True
gas_label,Gas Label,Libellé nature du gaz,Label relating to the nature of the gas,gaz_001,enum_single,user_input,report,report,true,,gas_label,,,,True
gas_container,Gas Container,Récipient contenant le gaz,Container containing the gas (e.g. no container; propane tank),gaz_001,enum_single,user_input,report,report,true,,gas_container,,,,False
distributor,Distributor,Distributeur,Gas distributor (from catalogue),gaz_001,enum_single,user_input,report,report,false,,,gas_distributor,,,True
identification_type,Identification Type,Type de repérage,Type of identification used for this control (device by device or standard grid),gaz_001,enum_single,user_input,report,report,true,,identification_type,,,,False
standard_version,Standard Version,Normes,Standard to use (2013 or 2022),gaz_001,enum_single,user_input,report,report,true,,standard_version,,,,True
gas_delivery_point_number,Gas Delivery Point Number,Numéro de point de livraison gaz,Gas delivery point number,gaz_001,string,user_input,report,report,false,,,,,,True
pce_number,metering point estimation number (PCE) Number,Numéro PCE à 14 chiffres,14-digit metering point estimation number (PCE),gaz_001,string,user_input,report,report,false,,,,,,True
meter_number,Meter Number,Numéro de compteur,Meter number,gaz_001,string,user_input,report,report,false,,,,,,True
owner_name,Owner Name,Titulaire,Name of owner or holder,gaz_002,string,user_input,report,report,false,,,,,,True
owner_first_name,Owner First Name,Prénom du propriétaire,First name of the installation owner,gaz_002,string,user_input,report,report,false,,,,,,True
contract_holder_name,Contract Holder Name,Nom du titulaire,Last name of the gas supply contract holder,gaz_002,string,user_input,report,report,false,,,,,,True
contract_holder_first_name,Contract Holder First Name,Prénom du titulaire,First name of the gas supply contract holder,gaz_002,string,user_input,report,report,false,,,,,,True
owner_contact,Owner Contact,Contact titulaire,Contact details of owner or holder,gaz_002,string,user_input,report,report,false,,,,,,False
owner_address,Owner Address,Adresse titulaire,Address of owner or holder,gaz_002,string,user_input,report,report,false,,,,,,True
owner_phone_number,Owner Phone Number,Numéro de téléphone titulaire,Phone number of owner or holder,gaz_002,string,user_input,report,report,false,,,,,,True
documents_from_client,Documents from Client,Documents remis par le donneur d'ordre,Documents provided by the client or orderer,gaz_003,string,user_input,report,report,false,,,,,,False
missing_flue_vacuity_cert,Missing Flue Vacuity Cert,Attestation conduits fumées non présentée,Flue vacuity certificate less than one year old not presented,gaz_003,boolean,user_input,report,report,false,,,,,,False
missing_boiler_maintenance_proof,Missing Boiler Maintenance Proof,Justificatif entretien chaudière non présenté,Proof of boiler maintenance less than one year old not presented,gaz_003,boolean,user_input,report,report,false,,,,,,False
conclusion_phrase,Conclusion Phrase,Ajouter aux conclusion la phrase,Additional phrase to add to the conclusion,gaz_003,string,user_input,report,report,false,,,,,,False
c1_2a1_piping_materials_authorized,C1 2a1 Materials used are authorized,2a1) Les matériaux employés pour canalisations sont autorisés (Plomb avec GN; Cuivre; Acier; PLT; Polyéthylène si enterré),Check that piping materials used are authorized (lead with natural gas; copper; steel; PLT; polyethylene only when buried),gaz_004,enum_single,user_input,report,report,true,,gaz_checklist_response,,,,True
c1_2a2_plt_marked_recognized_logo,C1 2a2 PLT piping marked with recognized logo,2a2) La tuyauterie PLT est marquée du logo d'une marque reconnue,Check that PLT piping is marked with a recognized brand logo,gaz_004,enum_single,user_input,report,report,true,,gaz_checklist_response,,,,True
c1_2a3_plt_pressure_suitable,C1 2a3 PLT piping under suitable pressure,2a3) La tuyauterie PLT est soumise à une pression non adaptée,Check whether PLT piping is subjected to unsuitable pressure,gaz_004,enum_single,user_input,report,report,true,,gaz_checklist_response,,,,True
c1_2a4_mechanical_fitting_in_crawl_space,C1 2a4 Mechanical fitting installed in crawl space,2a4) Au moins un raccord mécanique est installé en vide sanitaire,Check whether at least one mechanical fitting is installed in a crawl space,gaz_004,enum_single,user_input,report,report,true,,gaz_checklist_response,,,,True
c1_2b_pe_piping_inside_building,C1 2b PE piping at building entry or under building,2b) La tuyauterie en PE pénètre à l'intérieur du bâtiment ou est située sous le bâtiment,Check whether PE piping penetrates inside the building or is located under the building,gaz_004,enum_single,user_input,report,report,true,,gaz_checklist_response,,,,True
c1_2c_pe_piping_protected_riser,C1 2c PE piping protected in riser section,2c) La tuyauterie en PE est protégée dans la remontée contre les chocs et la lumière,Check whether PE piping is protected in the riser against impacts and light,gaz_004,enum_single,user_input,report,report,true,,gaz_checklist_response,,,,True
c1_3_individual_pipe_in_covered_parking,C1 3 Individual piping in covered parking area,3) Au moins une canalisation individuelle passe en parc de stationnement couvert,Check whether at least one individual pipe runs through a covered parking area,gaz_004,enum_single,user_input,report,report,true,,gaz_checklist_response,,,,True
c1_4a_unauthorized_mechanical_assemblies,C1 4a Unauthorized mechanical assemblies,4a) Les assemblages sont réalisés par raccords mécaniques manifestement non autorisés,Check whether assemblies are made with clearly unauthorized mechanical fittings,gaz_004,enum_single,user_input,report,report,true,,gaz_checklist_response,,,,True
c1_4c_assemblies_outside_authorized_locations,C1 4c Assemblies outside authorized locations,"4c) Les assemblages par raccord à sertir ne sont sertis ; sont réalisés par brasage; collage; ... ",Check whether press fitting assemblies are not crimped or made with unauthorized methods such as brazing or gluing,gaz_004,enum_single,user_input,report,report,true,,gaz_checklist_response,,,,True
c1_4e_kit_rtl_pipe_clamp_near_meter,C1 4e Kit RTL piping has no clamp near meter,4e) La tuyauterie en Kit PLT ne possède pas de collier de fixation à proximité du compteur,Check whether Kit PLT piping lacks a fixation clamp near the meter,gaz_004,enum_single,user_input,report,report,true,,gaz_checklist_response,,,,True
c2_5_annular_space_visible,C2 5 Annular space visible,5) L'espace annulaire de la canalisation de gaz à la pénétration dans le bâtiment ou le logement est visible,Check whether the annular space of the gas pipe at building or dwelling entry is visible,gaz_005,enum_single,user_input,report,report,true,,gaz_checklist_response,,,,True
c2_5_2_annular_space_obstructed,C2 5.2 Annular space obstructed,L'espace annulaire est obstrué ?,Check whether the annular space is obstructed,gaz_005,enum_single,user_input,report,report,true,,gaz_checklist_response,,,,True
c3_meter_presence_in_service,C3 Meter in Service Presence,Présence d'un compteur en fonctionnement,Check whether a gas meter in service is present,gaz_006,enum_single,user_input,report,report,true,,gaz_checklist_response,,,,True
c3_6a_flow_less_or_equal_6l_h,C3 6a Flow <= 6 l/h,6a) Lecture d'un débit inférieur ou égal à 6 l/h,Check whether meter rotation test shows flow less than or equal to 6 l/h,gaz_006,enum_single,user_input,report,report,true,,gaz_checklist_response,,,,True
c3_6b1_flow_greater_6l_h_controls_open,C3 6b1 Flow > 6 l/h with Controls Open,6b1) Lecture d'un débit supérieur à 6 l/h avec robinet(s) de commande ouvert(s),Check whether flow is greater than 6 l/h when control valves are open,gaz_006,enum_single,user_input,report,report,true,,gaz_checklist_response,,,,True
c3_6b2_flow_greater_6l_h_controls_closed,C3 6b2 Flow > 6 l/h with Controls Closed,6b2) Lecture d'un débit supérieur à 6 l/h avec robinet(s) de commande fermé(s),Check whether flow is greater than 6 l/h when control valves are closed,gaz_006,enum_single,user_input,report,report,true,,gaz_checklist_response,,,,True
c3_6c_leak_detected_without_flow_measure,C3 6c Leak Detected without Flow Measure,6c) Au moins un défaut d'étanchéité a été observé,Check whether at least one leak defect is observed without flow measurement,gaz_006,enum_single,user_input,report,report,true,,gaz_checklist_response,,,,True
c4_7a1_missing_additional_shutoff_device,C4 7a1 Missing Additional Shut-off Device,7a1) Absence d'un organe de coupure supplémentaire,Check whether an additional shut-off device is missing,gaz_006,enum_single,user_input,report,report,true,,gaz_checklist_response,,,,True
c4_7a2_shutoff_not_suitable_for_pressure,C4 7a2 Shut-off Not Suitable for Pressure,7a2) Au moins un organe de coupure n'est pas adapté à la pression de service,Check whether at least one shut-off device is not suitable for service pressure,gaz_006,enum_single,user_input,report,report,true,,gaz_checklist_response,,,,True
c4_7a3_shutoff_without_recognized_logo,C4 7a3 Shut-off without Recognized Logo,7a3) Au moins un organe de coupure n'est pas marqué du logo d'une marque reconnue,Check whether at least one shut-off device lacks a recognized brand logo,gaz_006,enum_single,user_input,report,report,true,,gaz_checklist_response,,,,True
c4_7a4_additional_shutoff_accessible,C4 7a4 Additional Shut-off Accessible,7a4) L'organe de coupure supplémentaire est accessible pour le cas des tiges après compteur et en maison individuelle,Check whether the additional shut-off device is accessible,gaz_006,enum_single,user_input,report,report,true,,gaz_checklist_response,,,,True
c4_7a5_additional_shutoff_has_operating_mechanism,C4 7a5 Additional Shut-off has Operating Mechanism,7a5) L'organe de coupure supplémentaire comporte un dispositif de manœuvre,Check whether the additional shut-off device has an operating mechanism,gaz_006,enum_single,user_input,report,report,true,,gaz_checklist_response,,,,True
c5_propane_tank_presence,C5 Propane Tank Presence,Présence d'une citerne propane,Check whether a propane tank is present,gaz_007,enum_single,user_input,report,report,true,,gaz_checklist_response,,,,True
c5_propane_bottle_presence,C5 Propane Bottle Presence,Présence d'une bouteille propane,Check whether a propane bottle is present,gaz_007,enum_single,user_input,report,report,true,,gaz_checklist_response,,,,True
c5_butane_bottle_presence,C5 Butane Bottle Presence,Présence d'une bouteille butane,Check whether a butane bottle is present,gaz_007,enum_single,user_input,report,report,true,,gaz_checklist_response,,,,True
c5_7b_first_stage_regulator_presence,C5 7b First Stage Regulator Presence,7b) Présence de première détente sur une installation,Check whether first-stage regulation is present on the installation,gaz_007,enum_single,user_input,report,report,true,,gaz_checklist_response,,,,True
c5_7c1_pressure_limiter_or_second_regulator_presence,C5 7c1 Pressure Limiter or Second Regulator Presence,7c1) Présence d'un limiteur de pression ou d'un second détendeur,Check whether a pressure limiter or a second regulator is present,gaz_007,enum_single,user_input,report,report,true,,gaz_checklist_response,,,,True
c5_7c2_buried_tank_insulating_connection_in_good_condition,C5 7c2 Buried Tank Insulating Connection in Good Condition,7c2) Le raccord isolant d'une citerne enterrée est présent et en bon état,Check whether the insulating connection of a buried tank is present and in good condition,gaz_007,enum_single,user_input,report,report,true,,gaz_checklist_response,,,,True
c6_7d1_hose_without_recognized_logo,C6 7d1 Hose without Recognized Logo,7d1) Elle n'est pas marquée du logo d'une marque reconnue,Check whether the hose is not marked with a recognized brand logo,gaz_007,enum_single,user_input,report,report,true,,gaz_checklist_response,,,,True
c6_7d2_hose_in_poor_condition,C6 7d2 Hose in Poor Condition,7d2) Elle est en mauvaise état,Check whether the hose is in poor condition,gaz_007,enum_single,user_input,report,report,true,,gaz_checklist_response,,,,True
c6_7d3_hose_length_above_0_70_or_multiple_hoses_connected,C6 7d3 Hose Length Above 0.70 or Multiple Hoses Connected,7d3) Sa longueur est supérieure à 0.70 m ou plusieurs lyres sont raccordées bout à bout,Check whether hose length exceeds 0.70 m or multiple hoses are connected end to end,gaz_007,enum_single,user_input,report,report,true,,gaz_checklist_response,,,,True
c6_7d4_reinforced_rubber_hose_expiry_unreadable_or_exceeded,C6 7d4 Reinforced Rubber Hose Expiry Unreadable or Exceeded,7d4) Cas des lyres GPL en caoutchouc armé : sa date limite d'utilisation n'est pas lisible ou est dépassée,Check whether reinforced rubber LPG hose expiry date is unreadable or exceeded,gaz_007,enum_single,user_input,report,report,true,,gaz_checklist_response,,,,True
c6_7d5_hose_through_hazardous_area,C6 7d5 Hose through Hazardous Area,7d5) Elle passe dans une zone dangereuse,Check whether the hose passes through a hazardous area,gaz_007,enum_single,user_input,report,report,true,,gaz_checklist_response,,,,True
c6_7d6_hose_not_visitable,C6 7d6 Hose Not Visitable,7d6) Elle n'est pas visitable,Check whether the hose is not visitable,gaz_007,enum_single,user_input,report,report,true,,gaz_checklist_response,,,,True
appliance_location,Appliance Location,Localisation,Location of the appliance (room or space),gaz_010,enum_single,user_input,object,object,true,,appliance_location,,gas_appliance,True
appliance_name_usage,Appliance Name or Usage,Nom/Usage,Name or usage of the appliance,gaz_010,enum_single,user_input,object,object,true,,appliance_name_usage,,gas_appliance,False
appliance_connection_type,Appliance Connection Type,Type d'appareil,Connection type (not connected; connected; sealed),gaz_010,enum_single,user_input,object,object,true,,appliance_connection_type,,gas_appliance,False
appliance_brand,Appliance Brand,Marque,Brand of the appliance,gaz_010,enum_single,user_input,object,object,true,,,appliance_brand,gas_appliance,False
appliance_model,Appliance Model,Modèle,Model of the appliance,gaz_010,string,user_input,object,object,false,,,,gas_appliance,,False
manufacture_year,Manufacture Year,Année de fabrication,Year of manufacture,gaz_010,string,user_input,object,object,false,,,,gas_appliance,,False
power_kw,Power kW,Puissance en Kw,Power in kW,gaz_010,number,user_input,object,object,true,,,,gas_appliance,,False
measured_flow_l_min,Measured Flow l/min,Débit mesuré l/min,Measured flow rate in l/min,gaz_010,number,user_input,object,object,false,,,,gas_appliance,,False
c7_8a1_shutoff_device_present_for_each_appliance,C7 8a1 Shut-off device present for each appliance,8a1) Présence pour chaque appareil en place d'un organe de coupure,Check whether each installed appliance has a shut-off device,gaz_010,enum_single,user_input,object,object,true,,gaz_checklist_response,,gas_appliance,,True
c7_8a2_shutoff_device_accessible_for_each_appliance,C7 8a2 Shut-off device accessible for each appliance,8a2) Accessibilité de chaque organe de coupure,Check whether each shut-off device is accessible,gaz_010,enum_single,user_input,object,object,true,,gaz_checklist_response,,gas_appliance,,True
c7_8a3_shutoff_device_maneuverable_for_each_appliance,C7 8a3 Shut-off device maneuverable for each appliance,8a3) Manœuvrabilité de chaque organe de coupure,Check whether each shut-off device is maneuverable,gaz_010,enum_single,user_input,object,object,true,,gaz_checklist_response,,gas_appliance,,True
c7_8b_valve_or_waiting_pipe_end_capped,C7 8b Valve or waiting pipe end capped,8b) Extrémité du robinet ou tuyauterie en attente obturée,Check whether the valve end or waiting pipe is capped,gaz_010,enum_single,user_input,object,object,true,,gaz_checklist_response,,gas_appliance,,True
c7_8c_fixed_pipe_shutoff_has_nondetachable_rubber_nozzle,C7 8c Fixed pipe shut-off has nondetachable rubber nozzle,8c) Au moins un organe de coupure d'un appareil alimenté par une tuyauterie fixe est muni d'un about porte caoutchouc non démontable,Check whether at least one fixed-pipe appliance shut-off has a non-detachable rubber nozzle,gaz_010,enum_single,user_input,object,object,true,,gaz_checklist_response,,gas_appliance,,True
c8_9a_lpg_installation_has_oca_or_trip_regulator,C8 9a LPG installation has OCA or trip regulator,9a) Présence d'un OCA ou détendeur-déclencheur,Check whether the LPG installation has an OCA or a trip regulator,gaz_010,enum_single,user_input,object,object,true,,gaz_checklist_response,,gas_appliance,,True
c8_9b_appliance_supply_pressure_above_50_mbar,C8 9b Appliance supply pressure above 50 mbar,9b) La pression d'alimentation de l'appareil est supérieure à 50 mbar,Check whether appliance supply pressure is above 50 mbar,gaz_010,enum_single,user_input,object,object,true,,gaz_checklist_response,,gas_appliance,,True
c9_10_appliance_apparently_unsuitable_for_gas_type,C9 10 Appliance apparently unsuitable for gas type,10) Au moins un appareil installé est apparemment inadapté au type du gaz,Check whether at least one installed appliance appears unsuitable for the gas type,gaz_010,enum_single,user_input,object,object,true,,gaz_checklist_response,,gas_appliance,,True
c10_11a_fixed_supply_has_at_least_one_appliance_connected,C10 11a At least one appliance connected on fixed supply,11a) Sur une installation alimentée par une tuyauterie fixe au moins un appareil est raccordé en gaz,Check whether at least one appliance is connected on a fixed piping gas supply,gaz_010,enum_single,user_input,object,object,true,,gaz_checklist_response,,gas_appliance,,True
c10_11b_connection_tube_marked_with_modification_logo,C10 11b Connection tube marked with modification logo,11b) Le tuyau d'alimentation est marqué du logo d'une marque reconnue (Modification faite pour correspondre au critère de décision C10.4),Check whether the supply tube is marked with a recognized brand logo for decision criterion C10.4,gaz_010,enum_single,user_input,object,object,true,,gaz_checklist_response,,gas_appliance,,True
c10_11c_connection_material_recognized_brand_not_authorized,C10 11c Connection material recognized brand not authorized,C10 11c) Le matériel utilisé pour le raccordement en gaz d'un appareil est marqué d'une marque reconnue mais n'est pas autorisé d'emploi,Check whether connection material is recognized branded but not authorized for use,gaz_010,enum_single,user_input,object,object,true,,gaz_checklist_response,,gas_appliance,,True
c10_12a_flexible_tube_in_poor_condition,C10 12a Flexible tube in poor condition,12a) Le tuyau flexible est en mauvais état,Check whether the flexible tube is in poor condition,gaz_010,enum_single,user_input,object,object,true,,gaz_checklist_response,,gas_appliance,,True
c10_12b_metal_flexible_tube_with_fittings_in_poor_condition,C10 12b Metal flexible tube with fittings in poor condition,12b) Tuyau flexible métal à embouts mécaniques en mauvais état,Check whether metal flexible tube with mechanical fittings is in poor condition,gaz_010,enum_single,user_input,object,object,true,,gaz_checklist_response,,gas_appliance,,True
c10_13_tube_length_greater_than_2m,C10 13 Tube length greater than 2m,13) Longueur supérieure à 2m,Check whether tube length is greater than 2 meters,gaz_010,enum_single,user_input,object,object,true,,gaz_checklist_response,,gas_appliance,,True
c10_14_expiry_date_exceeded_or_unreadable,C10 14 Expiry date exceeded or unreadable,14) Date limite d'utilisation dépassée ou pas lisible,Check whether the usage expiry date is exceeded or unreadable,gaz_010,enum_single,user_input,object,object,true,,gaz_checklist_response,,gas_appliance,,True
c10_15a_tube_passes_through_hazardous_areas,C10 15a Tube passes through hazardous areas,15a) Passage dans les zones dangereuses,Check whether tube routing passes through hazardous areas,gaz_010,enum_single,user_input,object,object,true,,gaz_checklist_response,,gas_appliance,,True
c10_15b_tube_visitable,C10 15b Tube visitable,15b) Visitable,Check whether the tube is visitable,gaz_010,enum_single,user_input,object,object,true,,gaz_checklist_response,,gas_appliance,,True
c11_16a_soft_tube_caliber_suitable_for_nozzles,C11 16a Soft tube caliber suitable for nozzles,16a) Calibre tube souple adapté aux abouts porte caoutchouc de raccordement,Check whether soft tube caliber matches rubber nozzle fittings,gaz_010,enum_single,user_input,object,object,true,,gaz_checklist_response,,gas_appliance,,True
c11_16b_soft_tube_mounted_on_compliant_nozzle_and_engaged,C11 16b Soft tube mounted on compliant nozzle and engaged,16b) Tube souple monté sur about porte caoutchouc conforme et suffisamment engagé,Check whether soft tube is mounted on compliant nozzle and sufficiently engaged,gaz_010,enum_single,user_input,object,object,true,,gaz_checklist_response,,gas_appliance,,True
c11_16c1_soft_tube_feeds_built_in_cooking_appliance,C11 16c1 Soft tube feeds built-in cooking appliance,16c1) Tube souple alimentant en gaz un appareil de cuisson encastré,Check whether soft tube feeds a built-in cooking appliance,gaz_010,enum_single,user_input,object,object,true,,gaz_checklist_response,,gas_appliance,,True
c11_16c2_soft_tube_has_appropriate_clamps,C11 16c2 Soft tube has appropriate clamps,16c2) Tube souple équipé de colliers de serrage appropriés,Check whether soft tube has appropriate clamping collars,gaz_010,enum_single,user_input,object,object,true,,gaz_checklist_response,,gas_appliance,,True
c12_17_unfixed_or_unsecured_appliance_connected_with_rigid_piping,C12 17 Unfixed or unsecured appliance connected with rigid piping,17) Un appareil non fixé ou non immobilisé sous son propre poids est raccordé en gaz par une tuyauterie rigide,Check whether an unfixed or unsecured appliance is connected with rigid gas piping,gaz_010,enum_single,user_input,object,object,true,,gaz_checklist_response,,gas_appliance,,True
c13_19h_non_cenr_in_unsuitable_room,C13 19h Non CENR in unsuitable room,19h) Appareil autre qu'un CENR installé ou prévu dans un local de volume insuffisant,Check whether a non CENR appliance is installed or planned in an unsuitable room,gaz_010,enum_single,user_input,object,object,true,,gaz_checklist_response,,gas_appliance,,True
c13_19g_outdoor_appliance_installed_indoors,C13 19g Outdoor appliance installed indoors,19g) Un appareil prévu pour fonctionner à l'extérieur ou à l'air libre est installé à l'intérieur,Check whether an appliance intended for outdoor use is installed indoors,gaz_010,enum_single,user_input,object,object,true,,gaz_checklist_response,,gas_appliance,,True
c14_19_1_air_inlet_missing,C14 19.1 Air inlet missing,19.1) L'amenée d'air n'existe pas,Check whether the air inlet is missing,gaz_010,enum_single,user_input,object,object,true,,gaz_checklist_response,,gas_appliance,,True
c14_19_2_air_inlet_manifestly_insufficient,C14 19.2 Air inlet manifestly insufficient,19.2) L'amenée d'air du local est manifestement insuffisante,Check whether the room air inlet is manifestly insufficient,gaz_010,enum_single,user_input,object,object,true,,gaz_checklist_response,,gas_appliance,,True
c14_19_3_indirect_air_inlet_transit_insufficient,C14 19.3 Indirect air inlet transit insufficient,19.3) Passage de transit de l'amenée d'air indirecte insuffisant,Check whether indirect air inlet transit passage is insufficient,gaz_010,enum_single,user_input,object,object,true,,gaz_checklist_response,,gas_appliance,,True
c14_19_4_direct_air_inlet_height_unsuitable,C14 19.4 Direct air inlet height unsuitable,19.4) Si sortie d'air directe amenée d'air directe située à une hauteur non adaptée,Check whether direct air inlet height is unsuitable,gaz_010,enum_single,user_input,object,object,true,,gaz_checklist_response,,gas_appliance,,True
c14_19_5_indirect_air_inlet_transits_via_wc_or_other_premises,C14 19.5 Indirect air inlet transits via WC or other premises,19.5) Amenée d'air indirect transite par WC ou par un autre logement ou par une partie commune,Check whether indirect air inlet passes through WC other dwelling or common area,gaz_010,enum_single,user_input,object,object,true,,gaz_checklist_response,,gas_appliance,,True
c14_19_6_descending_duct_without_suitable_air_outlet,C14 19.6 Descending duct without suitable air outlet,19.6) Amenée d'air par conduit descendant local sans sortie d'air adaptée,Check whether descending duct inlet exists without suitable air outlet,gaz_010,enum_single,user_input,object,object,true,,gaz_checklist_response,,gas_appliance,,True
c14_19_7_air_inlet_obstructed,C14 19.7 Air inlet obstructed,19.7) Amenée d'air est obturée,Check whether the air inlet is obstructed,gaz_010,enum_single,user_input,object,object,true,,gaz_checklist_response,,gas_appliance,,True
c14_19_8_air_inlet_closable,C14 19.8 Air inlet closable,19.8) Amenée d'air est obturable,Check whether the air inlet is closable,gaz_010,enum_single,user_input,object,object,true,,gaz_checklist_response,,gas_appliance,,True
c15_20_1_air_outlet_missing,C15 20.1 Air outlet missing,20.1) La sortie d'air est absente,Check whether the air outlet is missing,gaz_010,enum_single,user_input,object,object,true,,gaz_checklist_response,,gas_appliance,,True
c15_20_2_air_outlet_manifestly_insufficient,C15 20.2 Air outlet manifestly insufficient,20.2) La sortie d'air est manifestement insuffisante,Check whether the air outlet is manifestly insufficient,gaz_010,enum_single,user_input,object,object,true,,gaz_checklist_response,,gas_appliance,,True
c15_20_3_air_outlet_obstructed,C15 20.3 Air outlet obstructed,20.3) La sortie d'air est obturée,Check whether the air outlet is obstructed,gaz_010,enum_single,user_input,object,object,true,,gaz_checklist_response,,gas_appliance,,True
c15_20_4_air_outlet_closable,C15 20.4 Air outlet closable,20.4) La sortie d'air est obturable,Check whether the air outlet is closable,gaz_010,enum_single,user_input,object,object,true,,gaz_checklist_response,,gas_appliance,,True
c15_20_5_air_outlet_device_unsuitable,C15 20.5 Air outlet device unsuitable,20.5) Constituée par un dispositif non adapté,Check whether the air outlet is made by an unsuitable device,gaz_010,enum_single,user_input,object,object,true,,gaz_checklist_response,,gas_appliance,,True
c15_20_6_non_cooking_appliance_mechanical_ventilation_device,C15 20.6 Non cooking appliance mechanical ventilation device,20.6) Appareil non raccordé autre que cuisson constitué par un dispositif de ventilation mécanique (hotte etc),Check whether a non-cooking unflued appliance relies on a mechanical ventilation device,gaz_010,enum_single,user_input,object,object,true,,gaz_checklist_response,,gas_appliance,,True
c15_20_7_single_cooking_appliance_mechanical_ventilation_not_compliant,C15 20.7 Single cooking appliance mechanical ventilation not compliant,20.7) Appareil de cuisson seul constitué par un dispositif de ventilation mécanique (hotte etc) ne répondant pas aux critères d'installation,Check whether a single cooking appliance with mechanical ventilation does not meet installation criteria,gaz_010,enum_single,user_input,object,object,true,,gaz_checklist_response,,gas_appliance,,True
c16_21_direct_air_outlet_requires_direct_air_inlet,C16 21 Direct air outlet requires direct air inlet,21) Si la sortie d'air est directe l'amenée d'air est également directe,Check whether direct air outlet is paired with direct air inlet,gaz_010,enum_single,user_input,object,object,true,,gaz_checklist_response,,gas_appliance,,True
c23_28a_missing_connection_duct_between_appliance_and_flue,C23 28a Missing connection duct between appliance and flue,28a) Absence d'un conduit de raccordement reliant l'appareil au conduit de fumée,Check whether connection duct between appliance and flue is missing,gaz_010,enum_single,user_input,object,object,true,,gaz_checklist_response,,gas_appliance,,True
c23_28b_combustion_products_evacuation_device_missing,C23 28b Combustion products evacuation device missing,28b) Le dispositif d'évacuation des produits de combustion est absent,Check whether combustion products evacuation device is missing,gaz_010,enum_single,user_input,object,object,true,,gaz_checklist_response,,gas_appliance,,True
c23_28c_evacuation_device_manifestly_not_a_flue_duct,C23 28c Evacuation device manifestly not a flue duct,28c) Le dispositif d'évacuation des produits de combustion n'est manifestement pas un conduit de fumée,Check whether combustion evacuation device is manifestly not a flue duct,gaz_010,enum_single,user_input,object,object,true,,gaz_checklist_response,,gas_appliance,,True
c24_29a_mobile_adjustment_device_present_on_connection_duct,C24 29a Mobile adjustment device present on connection duct,29a) Un moyen de réglage mobile est présent sur le conduit de raccordement,Check whether a mobile adjustment device is present on the connection duct,gaz_010,enum_single,user_input,object,object,true,,gaz_checklist_response,,gas_appliance,,True
c24_29b_connection_duct_has_section_reduction,C24 29b Connection duct has section reduction,29b) Le conduit de raccordement présente une réduction de section,Check whether the connection duct has a section reduction,gaz_010,enum_single,user_input,object,object,true,,gaz_checklist_response,,gas_appliance,,True
c24_29c1_assembly_clearance_above_2mm_on_both_sides,C24 29c1 Assembly clearance above 2mm on both sides,29c1) Jeu aux assemblages estimé supérieur à 2 mm de part et d'autre du diamètre du conduit,Check whether assembly clearance is estimated above 2 mm on both sides of duct diameter,gaz_010,enum_single,user_input,object,object,true,,gaz_checklist_response,,gas_appliance,,True
c24_29c2_perforation_other_than_sampling_orifice,C24 29c2 Perforation other than sampling orifice,29c2) Perforation autre qu'un orifice de prélèvement,Check whether there is perforation other than a sampling orifice,gaz_010,enum_single,user_input,object,object,true,,gaz_checklist_response,,gas_appliance,,True
c24_29c3_sampling_orifice_not_properly_sealed,C24 29c3 Sampling orifice not properly sealed,29c3) Orifice de prélèvement non convenablement obturé,Check whether the sampling orifice is not properly sealed,gaz_010,enum_single,user_input,object,object,true,,gaz_checklist_response,,gas_appliance,,True
c24_29c4_unsuitable_diameter_nozzle_or_flue_duct,C24 29c4 Unsuitable diameter nozzle or flue duct,29c4) Diamètre non adapté (buse / conduit fumée ...),Check whether nozzle or flue duct diameter is unsuitable,gaz_010,enum_single,user_input,object,object,true,,gaz_checklist_response,,gas_appliance,,True
c24_29c5_significant_corrosion_state,C24 29c5 Significant corrosion state,29c5) État de corrosion important,Check whether corrosion state is significant,gaz_010,enum_single,user_input,object,object,true,,gaz_checklist_response,,gas_appliance,,True
c24_29d1_has_counter_slope,C24 29d1 Has counter slope,29d1) Présente une contrepente,Check whether the connection duct has a counter slope,gaz_010,enum_single,user_input,object,object,true,,gaz_checklist_response,,gas_appliance,,True
c24_29d2_has_more_than_two_90_or_more_than_180_elbows,C24 29d2 Has more than two 90 or more than 180 elbows,29d2) Présente plus de 2 coudes à 90° ou plus de 180° de dévoiement,Check whether the duct has too many elbows or excessive deviation angle,gaz_010,enum_single,user_input,object,object,true,,gaz_checklist_response,,gas_appliance,,True
c24_29d3_crosses_main_room,C24 29d3 Crosses main room,29d3) Traverse une pièce principale,Check whether the duct crosses a main room,gaz_010,enum_single,user_input,object,object,true,,gaz_checklist_response,,gas_appliance,,True
c24_29d4_has_advanced_wear_or_deformations,C24 29d4 Has advanced wear or deformations,29d4) Présente une usure avancée ou des déformations,Check whether the duct shows advanced wear or deformations,gaz_010,enum_single,user_input,object,object,true,,gaz_checklist_response,,gas_appliance,,True
c24_29d5_not_dismountable_except_gas_insert,C24 29d5 Not dismountable except gas insert,29d5) N'est pas démontable (sauf insert gaz),Check whether the duct is not dismountable except gas insert case,gaz_010,enum_single,user_input,object,object,true,,gaz_checklist_response,,gas_appliance,,True
c24_29d6_has_excessive_length,C24 29d6 Has excessive length,29d6) A une longueur trop importante,Check whether the duct length is excessive,gaz_010,enum_single,user_input,object,object,true,,gaz_checklist_response,,gas_appliance,,True
c24_29d7_flue_liner_connected_directly_on_appliance,C24 29d7 Flue liner connected directly on appliance,29d7) Le tubage du conduit de fumée est raccordé directement sur l'appareil,Check whether flue liner is connected directly on the appliance,gaz_010,enum_single,user_input,object,object,true,,gaz_checklist_response,,gas_appliance,,True
c24_29d8_appliances_with_different_fuels_share_same_flue,C24 29d8 Appliances with different fuels share same flue,29d8) Des appareils fonctionnant avec des combustibles de nature différente sont raccordés sur le même conduit de fumée,Check whether appliances using different fuel types share the same flue,gaz_010,enum_single,user_input,object,object,true,,gaz_checklist_response,,gas_appliance,,True
c24_29d9_two_appliances_in_two_rooms_without_sufficient_opening,C24 29d9 Two appliances in two rooms without sufficient opening,29d9) Au moins deux appareils raccordés à un même conduit sont situés dans 2 pièces ne présentant pas une ouverture suffisante,Check whether two appliances on same flue are in separate rooms without sufficient opening,gaz_010,enum_single,user_input,object,object,true,,gaz_checklist_response,,gas_appliance,,True
c24_29e_made_of_manifestly_unsuitable_material,C24 29e Made of manifestly unsuitable material,29e) Est réalisé en matériau manifestement inadapté,Check whether the duct material is manifestly unsuitable,gaz_010,enum_single,user_input,object,object,true,,gaz_checklist_response,,gas_appliance,,True
c24_29f_pressure_combustion_evacuation_has_enclosing_duct,C24 29f Pressure combustion evacuation has enclosing duct,29f) Le conduit de raccordement de l'appareil dont l'évacuation des produits de combustion fonctionne en pression possède un conduit enveloppe,Check whether pressure combustion evacuation duct has an enclosing duct,gaz_010,enum_single,user_input,object,object,true,,gaz_checklist_response,,gas_appliance,,True
c25_30_natural_draft_appliance_with_additional_extraction_device,C25 30 Natural draft appliance with additional extraction device,30) Présence d'un appareil fonctionnant en tirage naturel et d'au moins un dispositif d'extraction supplémentaire,Check whether a natural draft appliance coexists with at least one additional extraction device,gaz_010,enum_single,user_input,object,object,true,,gaz_checklist_response,,gas_appliance,,True
c26_32a_installed_appliance_is_specific_vmc_gaz,C26 32a Installed appliance is specific VMC GAZ,32a) L'appareil en place est spécifique VMC GAZ,Check whether the installed appliance is specific VMC GAZ,gaz_010,enum_single,user_input,object,object,true,,gaz_checklist_response,,gas_appliance,,True
c26_32b_control_confirms_installed_appliance_specific_vmc_gaz,C26 32b Control confirms installed appliance specific VMC GAZ,32b) Le contrôle a permis de s'assurer que l'appareil en place est spécifique VMC GAZ,Check whether control confirms installed appliance is specific VMC GAZ,gaz_010,enum_single,user_input,object,object,true,,gaz_checklist_response,,gas_appliance,,True
c27_32c_dsc_or_specific_relay_absent,C27 32c DSC or specific relay absent,32c) Le dispositif de sécurité collective (DSC) ou le relais spécifique à ce dispositif est absent,Check whether the collective safety device DSC or its specific relay is absent,gaz_010,enum_single,user_input,object,object,true,,gaz_checklist_response,,gas_appliance,,True
c27_32d_vmc_gaz_with_specific_relay_not_powered_by_standard_outlet,C27 32d VMC GAZ with specific relay not powered by standard outlet,32d) Si VMC GAZ équipée d'un DSC raccordé à l'appareil via un relais spécifique l'appareil est raccordé électriquement à une prise standard,Check whether VMC GAZ with DSC specific relay is electrically connected to a standard outlet,gaz_010,enum_single,user_input,object,object,true,,gaz_checklist_response,,gas_appliance,,True
c27_32e_vmc_gaz_extraction_terminal_absent,C27 32e VMC GAZ extraction terminal absent,32e) La bouche d'extraction VMC GAZ est absente,Check whether the VMC GAZ extraction terminal is absent,gaz_010,enum_single,user_input,object,object,true,,gaz_checklist_response,,gas_appliance,,True
d1_a_gn_flame_yellow_charring_or_partially_lifting,D1 A GN flame yellow charring or partially lifting,A) GN la flamme d'au moins un brûleur est jaune charbonne ou décolle partiellement,Check whether at least one natural gas burner flame is yellow charred or partially lifting,gaz_010,enum_single,user_input,object,object,true,,gaz_checklist_response,,gas_appliance,,True
d1_b_gn_flame_lifts_totally_and_extinguishes,D1 B GN flame lifts totally and extinguishes,B) GN la flamme décolle totalement et s'éteint,Check whether natural gas flame lifts totally and extinguishes,gaz_010,enum_single,user_input,object,object,true,,gaz_checklist_response,,gas_appliance,,True
d1_c_gn_flame_extinguishes_when_oven_door_opens,D1 C GN flame extinguishes when oven door opens,C) GN la flamme s'éteint à l'ouverture de la porte du four,Check whether natural gas flame extinguishes when oven door opens,gaz_010,enum_single,user_input,object,object,true,,gaz_checklist_response,,gas_appliance,,True
d1_d_gn_flame_extinguishes_when_flow_changes_max_to_min,D1 D GN flame extinguishes when flow changes max to min,D) GN la flamme s'éteint lors du passage débit max à mini,Check whether natural gas flame extinguishes when switching from maximum to minimum flow,gaz_010,enum_single,user_input,object,object,true,,gaz_checklist_response,,gas_appliance,,True
d1_b_gpl_flame_lifts_totally_and_extinguishes,D1 B GPL flame lifts totally and extinguishes,B) GPL la flamme décolle totalement et s'éteint,Check whether LPG flame lifts totally and extinguishes,gaz_010,enum_single,user_input,object,object,true,,gaz_checklist_response,,gas_appliance,,True
d1_c_gpl_flame_extinguishes_when_oven_door_opens,D1 C GPL flame extinguishes when oven door opens,C) GPL la flamme s'éteint à l'ouverture de la porte du four,Check whether LPG flame extinguishes when oven door opens,gaz_010,enum_single,user_input,object,object,true,,gaz_checklist_response,,gas_appliance,,True
d1_d_gpl_flame_extinguishes_when_flow_changes_max_to_min,D1 D GPL flame extinguishes when flow changes max to min,D) GPL la flamme s'éteint lors du passage débit max à mini,Check whether LPG flame extinguishes when switching from maximum to minimum flow,gaz_010,enum_single,user_input,object,object,true,,gaz_checklist_response,,gas_appliance,,True
d3_j_flame_overflow_at_ignition,D3 J Flame overflow at ignition,J) Débordement de flamme à l'allumage,Check whether flame overflow appears at ignition,gaz_010,enum_single,user_input,object,object,true,,gaz_checklist_response,,gas_appliance,,True
d3_k_gas_flow_rate_between_10_and_20_percent_above_theoretical_max,D3 K Gas flow rate between 10 and 20 percent above theoretical max,K) Le débit de gaz au débit max théorique de 10% à 20%,Check whether gas flow at maximum is between 10 and 20 percent above theoretical value,gaz_010,enum_single,user_input,object,object,true,,gaz_checklist_response,,gas_appliance,,True
d3_l_gas_flow_rate_more_than_20_percent_above_theoretical_max,D3 L Gas flow rate more than 20 percent above theoretical max,L) Le débit de gaz au débit max théorique de plus de 20%,Check whether gas flow at maximum is more than 20 percent above theoretical value,gaz_010,enum_single,user_input,object,object,true,,gaz_checklist_response,,gas_appliance,,True
d3_s1_co_over_20ppm_without_mechanical_extraction,D3 S1 CO over 20ppm without mechanical extraction,S1) Taux de CO > 20 ppm en l'absence de dispositif d'extraction mécanique,Check whether CO exceeds 20 ppm without mechanical extraction device,gaz_010,enum_single,user_input,object,object,true,,gaz_checklist_response,,gas_appliance,,True
d3_s2_co_over_20ppm_with_mechanical_extraction_device_stopped,D3 S2 CO over 20ppm with mechanical extraction device stopped,S2) Taux de CO > 20 ppm dispositif à l'arrêt,Check whether CO exceeds 20 ppm with mechanical extraction device stopped,gaz_010,enum_single,user_input,object,object,true,,gaz_checklist_response,,gas_appliance,,True
d3_s3_co_over_20ppm_with_mechanical_extraction_device_running,D3 S3 CO over 20ppm with mechanical extraction device running,S3) Taux de CO > 20 ppm dispositif en fonctionnement,Check whether CO exceeds 20 ppm with mechanical extraction device running,gaz_010,enum_single,user_input,object,object,true,,gaz_checklist_response,,gas_appliance,,True
d4_t_co_rate_above_10ppm_for_type_c_appliances,D4 T CO rate above 10ppm for type C appliances,T) Taux de CO supérieur à 10ppm,Check whether CO rate is above 10 ppm for sealed type C appliances,gaz_010,enum_single,user_input,object,object,true,,gaz_checklist_response,,gas_appliance,,True
d2_i_flame_overflow_at_ignition,D2 I Flame overflow at ignition,I) Débordement de flamme à l'allumage,Check whether flame overflow appears at ignition for unflued water heater,gaz_010,enum_single,user_input,object,object,true,,gaz_checklist_response,,gas_appliance,,True
d2_e_gas_flow_rate_10_to_20_percent_above_theoretical_max,D2 E Gas flow rate 10 to 20 percent above theoretical max,E) Le débit de gaz est supérieur au débit maximal théorique de 10 % à 20 %,Check whether gas flow exceeds theoretical maximum by 10 to 20 percent,gaz_010,enum_single,user_input,object,object,true,,gaz_checklist_response,,gas_appliance,,True
d2_f_gas_flow_rate_more_than_20_percent_above_theoretical_max,D2 F Gas flow rate more than 20 percent above theoretical max,F) Le débit de gaz est supérieur au débit maximal théorique de plus de 20 %,Check whether gas flow exceeds theoretical maximum by more than 20 percent,gaz_010,enum_single,user_input,object,object,true,,gaz_checklist_response,,gas_appliance,,True
d2_g_co_rate_over_30ppm_and_below_50ppm,D2 G CO rate over 30ppm and below 50ppm,G) Taux de CO > 30 ppm et < 50 ppm,Check whether CO rate is above 30 ppm and below 50 ppm,gaz_010,enum_single,user_input,object,object,true,,gaz_checklist_response,,gas_appliance,,True
d2_h_co_rate_over_50ppm,D2 H CO rate over 50ppm,H) Taux de CO > 50 ppm,Check whether CO rate is above 50 ppm,gaz_010,enum_single,user_input,object,object,true,,gaz_checklist_response,,gas_appliance,,True
c17_22_cenr_type_equipped_with_triple_safety,C17 22 CENR type equipped with triple safety,22) L'appareil est de type CENR équipé d'une triple sécurité,Check whether the appliance is CENR type equipped with triple safety,gaz_010,enum_single,user_input,object,object,true,,gaz_checklist_response,,gas_appliance,,True
c18_23_located_in_appropriate_room,C18 23 Located in appropriate room,23) Il est situé dans un local approprié,Check whether the appliance is located in an appropriate room,gaz_010,enum_single,user_input,object,object,true,,gaz_checklist_response,,gas_appliance,,True
c20_25a_supplies_over_50l_vessel_or_multiple_use_points,C20 25a Supplies over 50L vessel or multiple use points,25a) Alimente un récipient de plus de 50 litres ou 3 postes d'utilisation ou 3 postes répartis dans plus de 2 pièces distinctes,Check whether appliance supplies over 50L vessel or multiple use points across rooms,gaz_010,enum_single,user_input,object,object,true,,gaz_checklist_response,,gas_appliance,,True
c20_25b_supplies_a_shower,C20 25b Supplies a shower,25b) Alimente une douche,Check whether appliance supplies a shower,gaz_010,enum_single,user_input,object,object,true,,gaz_checklist_response,,gas_appliance,,True
c21_26_missing_recommendations_label,C21 26 Missing recommendations label,26) Absence d'étiquette recommandations d'usage,Check whether recommendations of use label is missing,gaz_010,enum_single,user_input,object,object,true,,gaz_checklist_response,,gas_appliance,,True
c22_27_combustion_products_evacuation_outlet_ends_inside_building,C22 27 Evacuation outlet ends inside building,27) L'orifice d'évacuation de produits de combustion débouche à l'intérieur d'un bâtiment,Check whether combustion products evacuation outlet ends inside a building,gaz_010,enum_single,user_input,object,object,true,,gaz_checklist_response,,gas_appliance,,True
c19_24a1_air_inlet_missing,C19 24a1 Air inlet missing,24a1) Amenée d'air absente,Check whether CENR room air inlet is missing,gaz_010,enum_single,user_input,object,object,true,,gaz_checklist_response,,gas_appliance,,True
c19_24a2_air_inlet_manifestly_insufficient,C19 24a2 Air inlet manifestly insufficient,24a2) Amenée d'air manifestement insuffisante,Check whether CENR room air inlet is manifestly insufficient,gaz_010,enum_single,user_input,object,object,true,,gaz_checklist_response,,gas_appliance,,True
c19_24a3_indirect_air_inlet_transit_insufficient,C19 24a3 Indirect air inlet transit insufficient,24a3) Passage de transit l'amenée d'air indirect insuffisante,Check whether indirect air inlet transit is insufficient,gaz_010,enum_single,user_input,object,object,true,,gaz_checklist_response,,gas_appliance,,True
c19_24a4_air_inlet_height_unsuitable,C19 24a4 Air inlet height unsuitable,24a4) Amenée d'air située à une hauteur non adaptée,Check whether air inlet height is unsuitable,gaz_010,enum_single,user_input,object,object,true,,gaz_checklist_response,,gas_appliance,,True
c19_24a5_air_inlet_transits_via_wc_or_other_premises,C19 24a5 Air inlet transits via WC or other premises,24a5) Amenée d'air transite par WC ou par un autre logement ou par une partie commune,Check whether air inlet transit passes via WC another dwelling or common area,gaz_010,enum_single,user_input,object,object,true,,gaz_checklist_response,,gas_appliance,,True
c19_24a6_air_inlet_obstructed,C19 24a6 Air inlet obstructed,24a6) Amenée d'air est obturée,Check whether CENR room air inlet is obstructed,gaz_010,enum_single,user_input,object,object,true,,gaz_checklist_response,,gas_appliance,,True
c19_24a7_air_inlet_closable,C19 24a7 Air inlet closable,24a7) Amenée d'air est obturable,Check whether CENR room air inlet is closable,gaz_010,enum_single,user_input,object,object,true,,gaz_checklist_response,,gas_appliance,,True
c19_24b1_air_outlet_missing,C19 24b1 Air outlet missing,24b1) La sortie d'air est absente,Check whether CENR room air outlet is missing,gaz_010,enum_single,user_input,object,object,true,,gaz_checklist_response,,gas_appliance,,True
c19_24b2_air_outlet_manifestly_insufficient,C19 24b2 Air outlet manifestly insufficient,24b2) La sortie d'air est manifestement insuffisante,Check whether CENR room air outlet is manifestly insufficient,gaz_010,enum_single,user_input,object,object,true,,gaz_checklist_response,,gas_appliance,,True
c19_24b3_air_outlet_obstructed,C19 24b3 Air outlet obstructed,24b3) La sortie d'air est obturée,Check whether CENR room air outlet is obstructed,gaz_010,enum_single,user_input,object,object,true,,gaz_checklist_response,,gas_appliance,,True
c19_24b4_air_outlet_closable,C19 24b4 Air outlet closable,24b4) La sortie d'air est obturable,Check whether CENR room air outlet is closable,gaz_010,enum_single,user_input,object,object,true,,gaz_checklist_response,,gas_appliance,,True
c19_24b5_air_outlet_formed_by_unsuitable_device,C19 24b5 Air outlet formed by unsuitable device,24b5) Elle est constituée par un dispositif non adapté,Check whether air outlet is formed by an unsuitable device,gaz_010,enum_single,user_input,object,object,true,,gaz_checklist_response,,gas_appliance,,True
c19_24b6_air_outlet_only_mechanical_ventilation_device,C19 24b6 Air outlet only mechanical ventilation device,24b6) Constituée uniquement par un dispositif de ventilation mécanique hotte etc,Check whether air outlet consists only of a mechanical ventilation device,gaz_010,enum_single,user_input,object,object,true,,gaz_checklist_response,,gas_appliance,,True
c19_24c_indirect_air_inlet_with_direct_air_outlet,C19 24c Indirect air inlet with direct air outlet,24c) Amenée d'air est indirecte avec sortie d'air directe,Check whether air inlet is indirect while air outlet is direct,gaz_010,enum_single,user_input,object,object,true,,gaz_checklist_response,,gas_appliance,,True
c28_35_rod_supplies_at_least_one_non_cooking_appliance,C28 35 Rod supplies at least one non cooking appliance,35) La tige cuisine alimente au moins un appareil autre que de cuisson,Check whether kitchen rod supplies at least one non-cooking appliance,gaz_010,enum_single,user_input,object,object,true,,gaz_checklist_response,,gas_appliance,,True
c28_37b_appliance_control_valve_has_upstream_pressure_loss_device,C28 37b Appliance control valve has upstream pressure loss device,37b) Le robinet de commande de l'appareil comporte un dispositif interrompant l'arrivée du gaz en cas de manque de pression amont,Check whether appliance control valve includes upstream pressure-loss shutoff device,gaz_010,enum_single,user_input,object,object,true,,gaz_checklist_response,,gas_appliance,,True
appliance_functioning,Appliance Functioning,Fonctionnement,Operation or functioning status,gaz_009,enum_single,user_input,object,object,false,,gaz_checklist_response,,,gaz_appliance_state_note,True
maintenance_contract_present,Maintenance Contract Present,Présence d'un contrat d'entretien,Presence of a maintenance contract,gaz_009,enum_single,user_input,object,object,false,,gaz_checklist_response,,gas_appliance,gaz_appliance_state_note,True
flue_maintenance_proof,Flue Maintenance Proof,Justificatif d'entretien du conduit,Proof of flue maintenance,gaz_009,enum_single,user_input,object,object,false,,gaz_checklist_response,,gas_appliance,gaz_appliance_state_note,True
co_measurement,CO Measurement,Mesure hygiène atmosphère (CO),Atmospheric CO hygiene measurement,gaz_009,enum_single,user_input,object,object,false,,gaz_checklist_response,,gas_appliance,gaz_appliance_state_note,True
gas_appliance_localisation_on_sketch,Localisation on Sketch,Localisation sur croquis,Location marker on installation sketch,gaz_009,string,user_input,object,object,false,,,,gas_appliance,gaz_appliance_state_note,True
gas_appliance_photo,Photo,Photo,Optional photo for appliance state note,gaz_009,string,user_input,object,object,false,,,,gas_appliance,gaz_appliance_state_note,False
operational_anomaly,Functional Anomalies Automatic,Anomalies fonct° (automatique),Automatically computed functional anomalies list,gaz_009,string,computed,object,object,false,,,,gas_appliance,gaz_appliance_state_note,True
operational_control,Non Controlled or Partially Non Controlled,Non contrôlé ou partiellement non contrôlé,Reason why the appliance is not controlled or only partially controlled,gaz_009,enum_single,user_input,object,object,false,,operational_control,,gas_appliance,gaz_appliance_state_note,True
dgi_registration_number,DGI Registration Number,Numéro d'enregistrement DGI,Registration number in case of DGI,gaz_011,string,user_input,report,report,false,,,,,,False
dgi_meter_index,DGI Meter Index,Index du compteur DGI,Meter index in case of DGI,gaz_011,string,user_input,report,report,false,,,,,,False
dgi_date,DGI Date,Date de DGI,Date of DGI,gaz_011,string,user_input,report,report,false,,,,,,False
dgi_total_closure,DGI Total Closure,Condamnation totale,Total closure of installation with condemnation label,gaz_011,boolean,user_input,report,report,false,,,,,,False
dgi_partial_closure,DGI Partial Closure,Condamnation partielle,Partial closure or specific appliance with label,gaz_011,boolean,user_input,report,report,false,,,,,,False
dgi_transmission_distributor,DGI Transmission to Distributor,Transmission info distributeur,Transmission of information to gas distributor,gaz_011,boolean,user_input,report,report,false,,,,,,False
dgi_info_sheet_manager,DGI Info Sheet to Manager,Fiche info gestionnaire,Filled gas distributor information sheet to property manager or landlord,gaz_011,boolean,user_input,report,report,false,,,,,,False
prerecorded_findings,Pre-recorded Findings,Constatations pré-enregistrées,Pre-recorded technical findings (checkboxes),gaz_011,string,user_input,report,report,false,,,,,,True
free_findings,Free Findings,Constatations libres,Free-form findings text,gaz_011,string,user_input,report,report,false,,,,,,True
duty_to_advise,Duty to Advise,Devoir de conseils,Duty to advise text,gaz_011,string,user_input,report,report,false,,,,,,True
report_summary_view,Report Summary View,Résumé,Final report summary view and conclusions,gaz_012,string,user_input,report,report,false,,,,,,True
